Timestamp,Memory (MB),PID
2025-02-27 10:43:09.596003,8.7,319784
2025-02-27 10:43:39.681076,13.25,319784
2025-02-27 10:44:09.764000,15.48,319784
2025-02-27 10:44:39.847726,19.57,319784
2025-02-27 10:45:10.056624,21.64,319784
2025-02-27 10:45:40.141488,23.69,319784
2025-02-27 10:46:10.225369,27.78,319784
2025-02-27 10:46:40.309159,29.85,319784
2025-02-27 10:47:10.451204,35.89,319784
2025-02-27 10:47:40.534374,36.73,319784
2025-02-27 10:48:10.620789,41.99,319784
2025-02-27 10:48:40.702441,12.62,319784
2025-02-27 10:49:10.785997,13.34,319784
2025-02-27 10:49:40.888167,14.73,319784
2025-02-27 10:50:10.968586,17.97,319784
2025-02-27 10:50:41.055670,21.31,319784
2025-02-27 10:51:11.141406,23.65,319784
2025-02-27 10:51:41.228745,27.46,319784
2025-02-27 10:52:11.308904,29.63,319784
2025-02-27 10:52:41.461629,33.79,319784
2025-02-27 10:53:11.541605,36.18,319784
2025-02-27 10:53:41.625067,38.93,319784
2025-02-27 10:54:11.709587,41.92,319784
2025-02-27 10:54:41.796101,45.59,319784
2025-02-27 10:55:11.937505,47.54,319784
2025-02-27 10:55:42.019110,50.18,319784
2025-02-27 10:56:12.098941,54.28,319784
2025-02-27 10:56:42.178561,54.28,319784
2025-02-27 10:57:12.258746,60.28,319784
2025-02-27 10:57:42.338439,62.32,319784
2025-02-27 10:58:12.559210,64.33,319784
2025-02-27 10:58:42.638644,70.78,319784
2025-02-27 10:59:12.719831,70.78,319784
2025-02-27 10:59:42.800349,76.91,319784
2025-02-27 11:00:12.960852,77.0,319784
2025-02-27 11:00:43.040978,82.99,319784
2025-02-27 11:01:13.120816,87.09,319784
2025-02-27 11:01:43.200465,87.09,319784
2025-02-27 11:02:13.281203,93.28,319784
2025-02-27 11:02:43.411941,93.28,319784
2025-02-27 11:03:13.491340,97.28,319784
2025-02-27 11:03:43.571188,103.46,319784
2025-02-27 11:04:13.649818,103.46,319784
2025-02-27 11:04:43.728894,107.54,319784
2025-02-27 11:05:13.807953,111.67,319784
2025-02-27 11:05:43.995118,111.67,319784
2025-02-27 11:06:14.073864,113.67,319784
2025-02-27 11:06:44.153494,122.1,319784
2025-02-27 11:07:14.235009,122.1,319784
2025-02-27 11:07:44.320531,122.1,319784
2025-02-27 11:08:14.534685,132.24,319784
2025-02-27 11:08:44.622750,132.29,319784
2025-02-27 11:09:14.700403,132.29,319784
2025-02-27 11:09:44.778487,132.29,319784
2025-02-27 11:10:14.917331,146.59,319784
2025-02-27 11:10:44.994751,146.62,319784
2025-02-27 11:11:15.072477,146.62,319784
2025-02-27 11:11:45.150304,146.62,319784
2025-02-27 11:12:15.229232,154.78,319784
2025-02-27 11:12:45.308336,154.78,319784
2025-02-27 11:13:15.512308,154.78,319784
2025-02-27 11:13:45.590898,154.79,319784
2025-02-27 11:14:15.668640,161.06,319784
2025-02-27 11:14:45.746434,161.06,319784
2025-02-27 11:15:15.845519,161.06,319784
2025-02-27 11:15:45.922928,161.06,319784
2025-02-27 11:16:16.000505,169.26,319784
2025-02-27 11:16:46.078659,169.26,319784
2025-02-27 11:17:16.156352,169.26,319784
2025-02-27 11:17:46.234110,169.26,319784
2025-02-27 11:18:16.317947,175.33,319784
2025-02-27 11:18:46.397159,175.33,319784
2025-02-27 11:19:16.475720,175.33,319784
2025-02-27 11:19:46.553161,175.33,319784
2025-02-27 11:20:16.630493,183.62,319784
2025-02-27 11:20:46.708003,183.62,319784
2025-02-27 11:21:16.786351,183.62,319784
2025-02-27 11:21:46.972497,183.62,319784
2025-02-27 11:22:17.050112,189.79,319784
2025-02-27 11:22:47.127756,189.8,319784
2025-02-27 11:23:17.205042,189.8,319784
2025-02-27 11:23:47.282496,189.8,319784
2025-02-27 11:24:17.468916,197.92,319784
2025-02-27 11:24:47.547315,197.92,319784
2025-02-27 11:25:17.624726,197.92,319784
2025-02-27 11:25:47.702371,197.92,319784
2025-02-27 11:26:17.779784,206.2,319784
2025-02-27 11:26:47.967265,206.24,319784
2025-02-27 11:27:18.046396,206.24,319784
2025-02-27 11:27:48.123789,206.25,319784
2025-02-27 11:28:18.200609,212.36,319784
2025-02-27 11:28:48.278667,212.37,319784
2025-02-27 11:29:18.471361,212.37,319784
2025-02-27 11:29:48.548897,212.37,319784
2025-02-27 11:30:18.626627,218.64,319784
2025-02-27 11:30:48.706224,218.64,319784
2025-02-27 11:31:18.785651,218.64,319784
2025-02-27 11:31:48.998369,218.64,319784
2025-02-27 11:32:19.077810,224.78,319784
2025-02-27 11:32:49.155574,224.78,319784
2025-02-27 11:33:19.234078,224.78,319784
2025-02-27 11:33:49.363246,224.78,319784
2025-02-27 11:34:19.441967,232.82,319784
2025-02-27 11:34:49.518886,232.82,319784
2025-02-27 11:35:19.598014,232.82,319784
2025-02-27 11:35:49.675977,232.82,319784
2025-02-27 11:36:19.755410,240.83,319784
2025-02-27 11:36:49.926465,240.83,319784
2025-02-27 11:37:20.003494,240.83,319784
2025-02-27 11:37:50.080469,240.83,319784
2025-02-27 11:38:20.157755,248.99,319784
2025-02-27 11:38:50.236326,248.99,319784
2025-02-27 11:39:20.383654,248.99,319784
2025-02-27 11:39:50.460704,248.99,319784
2025-02-27 11:40:20.538880,255.37,319784
2025-02-27 11:40:50.617616,255.37,319784
2025-02-27 11:41:20.696629,255.37,319784
2025-02-27 11:41:50.774283,255.37,319784
2025-02-27 11:42:20.851055,261.39,319784
2025-02-27 11:42:50.928340,261.39,319784
2025-02-27 11:43:21.144894,261.4,319784
2025-02-27 11:43:51.222315,261.4,319784
2025-02-27 11:44:21.351828,269.74,319784
2025-02-27 11:44:51.429238,269.74,319784
2025-02-27 11:45:21.508087,269.74,319784
2025-02-27 11:45:51.589563,269.74,319784
2025-02-27 11:46:21.666526,277.88,319784
2025-02-27 11:46:51.743433,277.88,319784
2025-02-27 11:47:21.918710,277.88,319784
2025-02-27 11:47:51.997292,277.88,319784
2025-02-27 11:48:22.074069,284.11,319784
2025-02-27 11:48:52.151223,284.11,319784
2025-02-27 11:49:22.228325,284.11,319784
2025-02-27 11:49:52.384968,284.11,319784
2025-02-27 11:50:22.461854,292.21,319784
2025-02-27 11:50:52.538329,292.21,319784
2025-02-27 11:51:22.615046,292.21,319784
2025-02-27 11:51:52.691708,292.21,319784
2025-02-27 11:52:22.786026,298.45,319784
2025-02-27 11:52:52.862609,298.45,319784
2025-02-27 11:53:22.939318,298.45,319784
2025-02-27 11:53:53.016638,298.52,319784
2025-02-27 11:54:23.094349,304.67,319784
2025-02-27 11:54:53.171752,304.67,319784
2025-02-27 11:55:23.248177,304.67,319784
2025-02-27 11:55:53.463272,304.71,319784
2025-02-27 11:56:23.542045,311.01,319784
2025-02-27 11:56:53.620712,311.05,319784
2025-02-27 11:57:23.697738,311.05,319784
2025-02-27 11:57:53.818597,311.05,319784
2025-02-27 11:58:23.895155,319.2,319784
2025-02-27 11:58:53.971596,319.21,319784
2025-02-27 11:59:24.048172,319.21,319784
2025-02-27 11:59:54.126465,319.21,319784
2025-02-27 12:00:24.203661,327.48,319784
2025-02-27 12:00:54.343942,327.48,319784
2025-02-27 12:01:24.420808,327.48,319784
2025-02-27 12:01:54.497507,327.49,319784
2025-02-27 12:02:24.574255,333.62,319784
2025-02-27 12:02:54.650664,333.62,319784
2025-02-27 12:03:24.729260,333.62,319784
2025-02-27 12:03:54.924184,333.62,319784
2025-02-27 12:04:25.001076,341.68,319784
2025-02-27 12:04:55.077922,341.68,319784
2025-02-27 12:05:25.154765,341.68,319784
2025-02-27 12:05:55.230781,341.68,319784
2025-02-27 12:06:25.434861,347.97,319784
2025-02-27 12:06:55.511018,347.97,319784
2025-02-27 12:07:25.587430,347.98,319784
2025-02-27 12:07:55.669250,347.98,319784
2025-02-27 12:08:25.766222,355.99,319784
2025-02-27 12:08:55.842794,355.99,319784
2025-02-27 12:09:25.919717,355.99,319784
2025-02-27 12:09:55.998571,355.99,319784
2025-02-27 12:10:26.076852,362.24,319784
2025-02-27 12:10:56.153967,362.24,319784
2025-02-27 12:11:26.232214,362.24,319784
2025-02-27 12:11:56.310783,362.24,319784
2025-02-27 12:12:26.386913,370.4,319784
2025-02-27 12:12:56.464556,370.4,319784
2025-02-27 12:13:26.542590,370.4,319784
2025-02-27 12:13:56.619633,370.4,319784
2025-02-27 12:14:26.695722,378.46,319784
2025-02-27 12:14:56.862069,378.46,319784
2025-02-27 12:15:26.938382,378.46,319784
2025-02-27 12:15:57.017330,378.46,319784
2025-02-27 12:16:27.095594,384.62,319784
2025-02-27 12:16:57.171963,384.62,319784
2025-02-27 12:17:27.299143,384.62,319784
2025-02-27 12:17:57.375282,384.62,319784
2025-02-27 12:18:27.453650,587.29,319784
2025-02-27 12:18:57.530257,613.73,319784
2025-02-27 12:19:27.606608,640.46,319784
2025-02-27 12:19:57.685356,28.19,319784
2025-02-27 12:20:27.845294,30.95,319784
2025-02-27 12:20:57.923438,34.41,319784
2025-02-27 12:21:27.999871,36.88,319784
2025-02-27 12:21:58.076125,41.23,319784
2025-02-27 12:22:28.152736,42.63,319784
2025-02-27 12:22:58.265317,45.13,319784
2025-02-27 12:23:28.344127,49.0,319784
2025-02-27 12:23:58.422742,53.1,319784
2025-02-27 12:24:28.637710,55.1,319784
2025-02-27 12:24:58.722619,60.32,319784
2025-02-27 12:25:28.799126,33.85,319784
2025-02-27 12:25:58.875304,28.83,319784
2025-02-27 12:26:28.953866,30.86,319784
2025-02-27 12:26:59.032177,33.65,319784
2025-02-27 12:27:29.110317,36.92,319784
2025-02-27 12:27:59.186684,40.19,319784
2025-02-27 12:28:29.370154,43.86,319784
2025-02-27 12:28:59.449021,45.42,319784
2025-02-27 12:29:29.525368,49.2,319784
2025-02-27 12:29:59.601692,52.15,319784
2025-02-27 12:30:29.678314,54.47,319784
2025-02-27 12:30:59.853883,57.82,319784
2025-02-27 12:31:29.930649,34.65,319784
2025-02-27 12:32:00.007227,29.34,319784
2025-02-27 12:32:30.086379,31.57,319784
2025-02-27 12:33:00.162921,34.5,319784
2025-02-27 12:33:30.317266,37.53,319784
2025-02-27 12:34:00.395547,40.22,319784
2025-02-27 12:34:30.472377,43.52,319784
2025-02-27 12:35:00.549108,45.52,319784
2025-02-27 12:35:30.625399,49.59,319784
2025-02-27 12:36:00.717347,52.03,319784
2025-02-27 12:36:30.793472,54.79,319784
2025-02-27 12:37:00.869985,57.74,319784
2025-02-27 12:37:30.947829,34.41,319784
2025-02-27 12:38:01.026047,29.4,319784
2025-02-27 12:38:31.102518,31.71,319784
2025-02-27 12:39:01.178623,34.31,319784
2025-02-27 12:39:31.376995,37.71,319784
2025-02-27 12:40:01.453131,40.46,319784
2025-02-27 12:40:31.531682,43.74,319784
2025-02-27 12:41:01.608339,45.76,319784
2025-02-27 12:41:31.685197,49.86,319784
2025-02-27 12:42:01.761512,52.26,319784
2025-02-27 12:42:31.838241,55.46,319784
2025-02-27 12:43:01.915032,58.12,319784
2025-02-27 12:43:31.992519,61.06,319784
2025-02-27 12:44:02.069652,64.66,319784
2025-02-27 12:44:32.145987,69.18,319784
2025-02-27 12:45:02.302998,69.21,319784
2025-02-27 12:45:32.379180,71.55,319784
2025-02-27 12:46:02.455200,75.97,319784
2025-02-27 12:46:32.531465,76.02,319784
2025-02-27 12:47:02.607561,82.26,319784
2025-02-27 12:47:32.701242,82.26,319784
2025-02-27 12:48:02.777804,96.41,319784
2025-02-27 12:48:32.853427,96.41,319784
2025-02-27 12:49:02.930325,100.55,319784
2025-02-27 12:49:33.005934,100.55,319784
2025-02-27 12:50:03.083629,104.55,319784
2025-02-27 12:50:33.159810,104.55,319784
2025-02-27 12:51:03.354798,114.55,319784
2025-02-27 12:51:33.430655,114.55,319784
2025-02-27 12:52:03.508638,114.55,319784
2025-02-27 12:52:33.586394,120.55,319784
2025-02-27 12:53:03.663779,120.55,319784
2025-02-27 12:53:33.872359,122.55,319784
2025-02-27 12:54:03.947889,130.55,319784
2025-02-27 12:54:34.025327,131.06,319784
2025-02-27 12:55:04.103376,131.06,319784
2025-02-27 12:55:34.208158,139.11,319784
2025-02-27 12:56:04.284548,139.11,319784
2025-02-27 12:56:34.360175,139.11,319784
2025-02-27 12:57:04.436143,145.17,319784
2025-02-27 12:57:34.511978,145.36,319784
2025-02-27 12:58:04.590221,145.36,319784
2025-02-27 12:58:34.684069,145.36,319784
2025-02-27 12:59:04.760316,159.36,319784
2025-02-27 12:59:34.837107,159.36,319784
2025-02-27 13:00:04.912556,159.36,319784
2025-02-27 13:00:34.989258,159.36,319784
2025-02-27 13:01:05.065893,167.42,319784
2025-02-27 13:01:35.141099,167.42,319784
2025-02-27 13:02:05.330443,167.42,319784
2025-02-27 13:02:35.407169,167.48,319784
2025-02-27 13:03:05.482661,175.48,319784
2025-02-27 13:03:35.558550,175.48,319784
2025-02-27 13:04:05.633763,175.48,319784
2025-02-27 13:04:35.818353,175.48,319784
2025-02-27 13:05:05.893708,183.48,319784
2025-02-27 13:05:35.969866,183.48,319784
2025-02-27 13:06:06.046458,183.48,319784
2025-02-27 13:06:36.122499,183.48,319784
2025-02-27 13:07:06.293297,189.48,319784
2025-02-27 13:07:36.370184,189.48,319784
2025-02-27 13:08:06.446000,189.48,319784
2025-02-27 13:08:36.521439,189.48,319784
2025-02-27 13:09:06.596999,195.48,319784
2025-02-27 13:09:36.729910,195.48,319784
2025-02-27 13:10:06.806264,195.48,319784
2025-02-27 13:10:36.883577,195.48,319784
2025-02-27 13:11:06.960598,203.48,319784
2025-02-27 13:11:37.036610,203.48,319784
2025-02-27 13:12:07.112479,203.48,319784
2025-02-27 13:12:37.279015,203.48,319784
2025-02-27 13:13:07.355992,209.48,319784
2025-02-27 13:13:37.432054,209.48,319784
2025-02-27 13:14:07.507672,209.48,319784
2025-02-27 13:14:37.583372,209.48,319784
2025-02-27 13:15:07.703863,217.48,319784
2025-02-27 13:15:37.779518,217.48,319784
2025-02-27 13:16:07.856073,217.48,319784
2025-02-27 13:16:37.932513,217.48,319784
2025-02-27 13:17:08.008776,225.48,319784
2025-02-27 13:17:38.084293,225.48,319784
2025-02-27 13:18:08.216071,225.48,319784
2025-02-27 13:18:38.293833,225.48,319784
2025-02-27 13:19:08.371058,231.48,319784
2025-02-27 13:19:38.448790,231.48,319784
2025-02-27 13:20:08.524275,231.48,319784
2025-02-27 13:20:38.600784,231.48,319784
2025-02-27 13:21:08.769000,239.48,319784
2025-02-27 13:21:38.845383,239.48,319784
2025-02-27 13:22:08.922059,239.48,319784
2025-02-27 13:22:38.999128,239.48,319784
2025-02-27 13:23:09.075065,245.48,319784
2025-02-27 13:23:39.203579,245.48,319784
2025-02-27 13:24:09.280467,245.48,319784
2025-02-27 13:24:39.357622,245.48,319784
2025-02-27 13:25:09.434484,253.48,319784
2025-02-27 13:25:39.511630,253.48,319784
2025-02-27 13:26:09.587859,253.48,319784
2025-02-27 13:26:39.749500,253.48,319784
2025-02-27 13:27:09.825920,259.48,319784
2025-02-27 13:27:39.901663,259.48,319784
2025-02-27 13:28:09.977244,259.48,319784
2025-02-27 13:28:40.052787,259.48,319784
2025-02-27 13:29:10.156614,265.48,319784
2025-02-27 13:29:40.232752,265.48,319784
2025-02-27 13:30:10.309655,265.48,319784
2025-02-27 13:30:40.386218,265.48,319784
2025-02-27 13:31:10.462166,273.52,319784
2025-02-27 13:31:40.538206,273.52,319784
2025-02-27 13:32:10.626271,273.52,319784
2025-02-27 13:32:40.703445,273.52,319784
2025-02-27 13:33:10.779600,281.62,319784
2025-02-27 13:33:40.855175,281.62,319784
2025-02-27 13:34:10.930956,281.62,319784
2025-02-27 13:34:41.009254,281.62,319784
2025-02-27 13:35:11.085282,287.62,319784
2025-02-27 13:35:41.265452,287.62,319784
2025-02-27 13:36:11.341345,287.62,319784
2025-02-27 13:36:41.417036,287.62,319784
2025-02-27 13:37:11.492483,295.62,319784
2025-02-27 13:37:41.570720,295.62,319784
2025-02-27 13:38:11.732037,295.62,319784
2025-02-27 13:38:41.808346,295.62,319784
2025-02-27 13:39:11.884384,301.62,319784
2025-02-27 13:39:41.959713,301.62,319784
2025-02-27 13:40:12.035606,301.62,319784
2025-02-27 13:40:42.138912,301.62,319784
2025-02-27 13:41:12.216786,307.62,319784
2025-02-27 13:41:42.292843,307.62,319784
2025-02-27 13:42:12.368902,307.62,319784
2025-02-27 13:42:42.444628,307.62,319784
2025-02-27 13:43:12.520169,315.62,319784
2025-02-27 13:43:42.603977,315.62,319784
2025-02-27 13:44:12.680881,315.62,319784
2025-02-27 13:44:42.759412,315.62,319784
2025-02-27 13:45:12.837481,321.62,319784
2025-02-27 13:45:42.913567,321.62,319784
2025-02-27 13:46:12.989162,321.62,319784
2025-02-27 13:46:43.066313,321.62,319784
2025-02-27 13:47:13.244065,329.62,319784
2025-02-27 13:47:43.319153,329.62,319784
2025-02-27 13:48:13.394310,329.62,319784
2025-02-27 13:48:43.470831,329.62,319784
2025-02-27 13:49:13.547497,335.62,319784
2025-02-27 13:49:43.695480,335.62,319784
2025-02-27 13:50:13.770973,335.62,319784
2025-02-27 13:50:43.846599,335.62,319784
2025-02-27 13:51:13.922619,343.62,319784
2025-02-27 13:51:43.998244,343.62,319784
2025-02-27 13:52:14.073836,343.62,319784
2025-02-27 13:52:44.279867,343.62,319784
2025-02-27 13:53:14.355397,351.62,319784
2025-02-27 13:53:44.432545,351.62,319784
2025-02-27 13:54:14.510088,351.62,319784
2025-02-27 13:54:44.604660,351.62,319784
2025-02-27 13:55:14.680380,359.62,319784
2025-02-27 13:55:44.759147,359.62,319784
2025-02-27 13:56:14.834499,359.62,319784
2025-02-27 13:56:44.910077,359.62,319784
2025-02-27 13:57:14.985438,363.62,319784
2025-02-27 13:57:45.061028,363.62,319784
2025-02-27 13:58:15.258504,363.62,319784
2025-02-27 13:58:45.335562,363.62,319784
2025-02-27 13:59:15.411862,371.62,319784
2025-02-27 13:59:45.487321,371.62,319784
2025-02-27 14:00:15.563072,371.62,319784
2025-02-27 14:00:45.770047,371.62,319784
2025-02-27 14:01:15.846564,377.62,319784
2025-02-27 14:01:45.924317,377.62,319784
2025-02-27 14:02:16.000662,377.62,319784
2025-02-27 14:02:46.101773,377.62,319784
2025-02-27 14:03:16.177892,385.62,319784
2025-02-27 14:03:46.253912,385.62,319784
2025-02-27 14:04:16.331323,385.62,319784
2025-02-27 14:04:46.408490,385.62,319784
2025-02-27 14:05:16.486109,393.62,319784
2025-02-27 14:05:46.571807,393.62,319784
2025-02-27 14:06:16.649056,393.62,319784
2025-02-27 14:06:46.724295,393.62,319784
2025-02-27 14:07:16.799857,411.62,319784
2025-02-27 14:07:46.874443,50.54,319784
2025-02-27 14:08:16.952107,46.23,319784
2025-02-27 14:08:47.027396,30.12,319784
2025-02-27 14:09:17.196287,31.68,319784
2025-02-27 14:09:47.276275,35.3,319784
2025-02-27 14:10:17.353166,37.66,319784
2025-02-27 14:10:47.428324,39.87,319784
2025-02-27 14:11:17.506684,42.57,319784
2025-02-27 14:11:47.642715,46.01,319784
2025-02-27 14:12:17.720540,48.33,319784
2025-02-27 14:12:47.798832,52.77,319784
2025-02-27 14:13:17.876428,55.55,319784
2025-02-27 14:13:47.953405,58.19,319784
2025-02-27 14:14:18.029090,61.22,319784
2025-02-27 14:14:48.213991,64.69,319784
2025-02-27 14:15:18.289487,65.98,319784
2025-02-27 14:15:48.366130,68.19,319784
2025-02-27 14:16:18.443601,72.44,319784
2025-02-27 14:16:48.518783,77.34,319784
2025-02-27 14:17:18.690209,77.34,319784
2025-02-27 14:17:48.767133,82.35,319784
2025-02-27 14:18:18.844049,82.35,319784
2025-02-27 14:18:48.921572,87.83,319784
2025-02-27 14:19:18.997018,88.26,319784
2025-02-27 14:19:49.137326,93.59,319784
2025-02-27 14:20:19.212754,93.59,319784
2025-02-27 14:20:49.288319,100.77,319784
2025-02-27 14:21:19.363928,100.77,319784
2025-02-27 14:21:49.439522,107.51,319784
2025-02-27 14:22:19.515483,107.73,319784
2025-02-27 14:22:49.696075,108.55,319784
2025-02-27 14:23:19.771451,116.52,319784
2025-02-27 14:23:49.849527,116.52,319784
2025-02-27 14:24:19.926505,119.73,319784
2025-02-27 14:24:50.001984,125.32,319784
2025-02-27 14:25:20.165475,125.32,319784
2025-02-27 14:25:50.242862,126.66,319784
2025-02-27 14:26:20.319320,134.57,319784
2025-02-27 14:26:50.394584,134.57,319784
2025-02-27 14:27:20.470261,134.57,319784
2025-02-27 14:27:50.581703,145.37,319784
2025-02-27 14:28:20.656868,145.37,319784
2025-02-27 14:28:50.732653,145.37,319784
2025-02-27 14:29:20.808335,146.04,319784
2025-02-27 14:29:50.885782,157.82,319784
2025-02-27 14:30:20.962877,157.82,319784
2025-02-27 14:30:51.063144,157.82,319784
2025-02-27 14:31:21.138899,157.82,319784
2025-02-27 14:31:51.214136,166.39,319784
2025-02-27 14:32:21.289841,166.39,319784
2025-02-27 14:32:51.366503,166.39,319784
2025-02-27 14:33:21.441915,166.39,319784
2025-02-27 14:33:51.517344,173.42,319784
2025-02-27 14:34:21.593652,173.42,319784
2025-02-27 14:34:51.669769,173.42,319784
2025-02-27 14:35:21.745832,173.44,319784
2025-02-27 14:35:51.823039,180.74,319784
2025-02-27 14:36:21.900154,180.74,319784
2025-02-27 14:36:51.977206,180.74,319784
2025-02-27 14:37:22.131952,180.74,319784
2025-02-27 14:37:52.208043,188.66,319784
2025-02-27 14:38:22.285796,188.66,319784
2025-02-27 14:38:52.364016,188.66,319784
2025-02-27 14:39:22.442755,188.66,319784
2025-02-27 14:39:52.538309,195.02,319784
2025-02-27 14:40:22.617659,195.02,319784
2025-02-27 14:40:52.693851,195.02,319784
2025-02-27 14:41:22.770273,195.02,319784
2025-02-27 14:41:52.846527,202.02,319784
2025-02-27 14:42:22.922976,202.02,319784
2025-02-27 14:42:52.998926,202.02,319784
2025-02-27 14:43:23.205641,202.3,319784
2025-02-27 14:43:53.281941,209.17,319784
2025-02-27 14:44:23.358035,209.17,319784
2025-02-27 14:44:53.435663,209.17,319784
2025-02-27 14:45:23.515851,209.17,319784
2025-02-27 14:45:53.591569,216.28,319784
2025-02-27 14:46:23.667936,216.28,319784
2025-02-27 14:46:53.745762,217.2,319784
2025-02-27 14:47:23.821502,217.2,319784
2025-02-27 14:47:53.897850,222.16,319784
2025-02-27 14:48:23.973514,222.16,319784
2025-02-27 14:48:54.150074,224.14,319784
2025-02-27 14:49:24.226686,224.14,319784
2025-02-27 14:49:54.302612,231.93,319784
2025-02-27 14:50:24.378451,231.93,319784
2025-02-27 14:50:54.456310,231.93,319784
2025-02-27 14:51:24.607877,238.02,319784
2025-02-27 14:51:54.683767,245.23,319784
2025-02-27 14:52:24.760023,245.39,319784
2025-02-27 14:52:54.835622,245.39,319784
2025-02-27 14:53:24.911465,245.39,319784
2025-02-27 14:53:54.990462,252.79,319784
2025-02-27 14:54:25.067795,252.87,319784
2025-02-27 14:54:55.145820,252.87,319784
2025-02-27 14:55:25.223901,252.87,319784
2025-02-27 14:55:55.300503,260.09,319784
2025-02-27 14:56:25.376473,260.11,319784
2025-02-27 14:56:55.454029,260.11,319784
2025-02-27 14:57:25.616614,260.11,319784
2025-02-27 14:57:55.694161,266.9,319784
2025-02-27 14:58:25.772911,266.9,319784
2025-02-27 14:58:55.850492,266.9,319784
2025-02-27 14:59:25.926377,266.9,319784
2025-02-27 14:59:56.047116,273.43,319784
2025-02-27 15:00:26.126455,273.48,319784
2025-02-27 15:00:56.203127,273.48,319784
2025-02-27 15:01:26.278805,273.48,319784
2025-02-27 15:01:56.354529,281.0,319784
2025-02-27 15:02:26.430516,281.2,319784
2025-02-27 15:02:56.567906,281.2,319784
2025-02-27 15:03:26.645176,281.2,319784
2025-02-27 15:03:56.721199,287.89,319784
2025-02-27 15:04:26.797109,287.89,319784
2025-02-27 15:04:56.872672,287.89,319784
2025-02-27 15:05:26.950708,287.89,319784
2025-02-27 15:05:57.134268,295.22,319784
2025-02-27 15:06:27.209315,295.29,319784
2025-02-27 15:06:57.287161,295.29,319784
2025-02-27 15:07:27.363856,295.29,319784
2025-02-27 15:07:57.439005,302.8,319784
2025-02-27 15:08:27.606709,302.8,319784
2025-02-27 15:08:57.683854,302.8,319784
2025-02-27 15:09:27.758847,302.8,319784
2025-02-27 15:09:57.833644,309.75,319784
2025-02-27 15:10:27.908830,309.75,319784
2025-02-27 15:10:58.030039,309.75,319784
2025-02-27 15:11:28.107257,310.19,319784
2025-02-27 15:11:58.184931,316.17,319784
2025-02-27 15:12:28.262083,316.17,319784
2025-02-27 15:12:58.337590,316.17,319784
2025-02-27 15:13:28.412571,316.17,319784
2025-02-27 15:13:58.549528,323.27,319784
2025-02-27 15:14:28.625176,323.27,319784
2025-02-27 15:14:58.700897,323.27,319784
2025-02-27 15:15:28.776290,323.27,319784
2025-02-27 15:15:58.851998,330.68,319784
2025-02-27 15:16:28.928666,330.68,319784
2025-02-27 15:16:59.106385,330.68,319784
2025-02-27 15:17:29.181947,330.68,319784
2025-02-27 15:17:59.257573,337.13,319784
2025-02-27 15:18:29.333632,337.13,319784
2025-02-27 15:18:59.410423,337.13,319784
2025-02-27 15:19:29.499795,337.86,319784
2025-02-27 15:19:59.577880,344.68,319784
2025-02-27 15:20:29.653783,344.68,319784
2025-02-27 15:20:59.729364,344.68,319784
2025-02-27 15:21:29.805346,344.68,319784
2025-02-27 15:21:59.880926,351.23,319784
2025-02-27 15:22:29.986881,351.23,319784
2025-02-27 15:23:00.062093,351.23,319784
2025-02-27 15:23:30.137911,351.71,319784
2025-02-27 15:24:00.215190,358.13,319784
2025-02-27 15:24:30.290722,358.13,319784
2025-02-27 15:25:00.365971,358.13,319784
2025-02-27 15:25:30.453902,358.9,319784
2025-02-27 15:26:00.530350,365.08,319784
2025-02-27 15:26:30.607345,365.08,319784
2025-02-27 15:27:00.685243,365.08,319784
2025-02-27 15:27:30.763454,365.21,319784
2025-02-27 15:28:00.840910,371.74,319784
2025-02-27 15:28:30.918534,371.74,319784
2025-02-27 15:29:01.117504,371.74,319784
2025-02-27 15:29:31.194989,373.34,319784
2025-02-27 15:30:01.272356,379.36,319784
2025-02-27 15:30:31.349588,379.36,319784
2025-02-27 15:31:01.429434,379.36,319784
2025-02-27 15:31:31.506959,379.83,319784
2025-02-27 15:32:01.584485,385.21,319784
2025-02-27 15:32:31.662111,385.21,319784
2025-02-27 15:33:01.741806,385.21,319784
2025-02-27 15:33:31.819320,387.89,319784
2025-02-27 15:34:01.896832,393.27,319784
2025-02-27 15:34:32.076060,393.27,319784
2025-02-27 15:35:02.153877,393.27,319784
2025-02-27 15:35:32.231561,394.26,319784
2025-02-27 15:36:02.309040,399.39,319784
2025-02-27 15:36:32.386334,399.39,319784
2025-02-27 15:37:02.553318,399.39,319784
2025-02-27 15:37:32.630892,402.48,319784
2025-02-27 15:38:02.708058,405.02,319784
2025-02-27 15:38:32.785870,646.73,319784
2025-02-27 15:39:02.865059,49.12,319784
2025-02-27 15:39:33.001932,49.1,319784
2025-02-27 15:40:03.079644,32.36,319784
2025-02-27 15:40:33.159048,34.73,319784
2025-02-27 15:41:03.236216,37.76,319784
2025-02-27 15:41:33.314062,40.8,319784
2025-02-27 15:42:03.393392,43.31,319784
2025-02-27 15:42:33.586357,46.71,319784
2025-02-27 15:43:03.661958,49.71,319784
2025-02-27 15:43:33.737792,52.66,319784
2025-02-27 15:44:03.814652,55.1,319784
2025-02-27 15:44:33.891873,67.36,319784
2025-02-27 15:45:04.089215,78.78,319784
2025-02-27 15:45:34.165308,80.51,319784
2025-02-27 15:46:04.241524,80.81,319784
2025-02-27 15:46:34.318274,83.89,319784
2025-02-27 15:47:04.394284,87.81,319784
2025-02-27 15:47:34.605115,87.81,319784
2025-02-27 15:48:04.683316,94.49,319784
2025-02-27 15:48:34.761437,95.5,319784
2025-02-27 15:49:04.837424,95.6,319784
2025-02-27 15:49:34.949804,100.93,319784
2025-02-27 15:50:05.025607,100.95,319784
2025-02-27 15:50:35.101435,114.36,319784
2025-02-27 15:51:05.178936,114.57,319784
2025-02-27 15:51:35.256688,119.22,319784
2025-02-27 15:52:05.335677,119.24,319784
2025-02-27 15:52:35.459883,122.05,319784
2025-02-27 15:53:05.536253,124.3,319784
2025-02-27 15:53:35.613658,124.3,319784
2025-02-27 15:54:05.689193,130.29,319784
2025-02-27 15:54:35.764792,130.29,319784
2025-02-27 15:55:05.840150,130.69,319784
2025-02-27 15:55:35.976246,138.8,319784
2025-02-27 15:56:06.053096,138.8,319784
2025-02-27 15:56:36.129010,138.86,319784
2025-02-27 15:57:06.204770,148.57,319784
2025-02-27 15:57:36.280671,148.57,319784
2025-02-27 15:58:06.356227,148.57,319784
2025-02-27 15:58:36.538438,154.34,319784
2025-02-27 15:59:06.613797,154.34,319784
2025-02-27 15:59:36.689452,154.34,319784
2025-02-27 16:00:06.765194,154.97,319784
2025-02-27 16:00:36.840942,166.22,319784
2025-02-27 16:01:06.997224,166.23,319784
2025-02-27 16:01:37.073108,166.23,319784
2025-02-27 16:02:07.148923,166.23,319784
2025-02-27 16:02:37.224563,177.03,319784
2025-02-27 16:03:07.302209,177.03,319784
2025-02-27 16:03:37.394917,177.11,319784
2025-02-27 16:04:07.472348,177.11,319784
2025-02-27 16:04:37.551372,184.31,319784
2025-02-27 16:05:07.630076,184.34,319784
2025-02-27 16:05:37.707253,184.34,319784
2025-02-27 16:06:07.784748,184.34,319784
2025-02-27 16:06:37.860321,191.18,319784
2025-02-27 16:07:08.070034,191.39,319784
2025-02-27 16:07:38.147324,191.39,319784
2025-02-27 16:08:08.223211,191.39,319784
2025-02-27 16:08:38.299011,198.25,319784
2025-02-27 16:09:08.403514,198.26,319784
2025-02-27 16:09:38.479392,198.26,319784
2025-02-27 16:10:08.556745,198.26,319784
2025-02-27 16:10:38.633068,205.28,319784
2025-02-27 16:11:08.709394,205.29,319784
2025-02-27 16:11:38.785282,205.29,319784
2025-02-27 16:12:08.872957,205.29,319784
2025-02-27 16:12:38.948770,212.24,319784
2025-02-27 16:13:09.024503,212.25,319784
2025-02-27 16:13:39.102759,212.25,319784
2025-02-27 16:14:09.178236,212.25,319784
2025-02-27 16:14:39.253961,219.99,319784
2025-02-27 16:15:09.329897,219.99,319784
2025-02-27 16:15:39.510840,220.12,319784
2025-02-27 16:16:09.589280,220.12,319784
2025-02-27 16:16:39.666658,227.03,319784
2025-02-27 16:17:09.744132,227.04,319784
2025-02-27 16:17:39.821384,227.04,319784
2025-02-27 16:18:09.998442,227.04,319784
2025-02-27 16:18:40.075666,233.46,319784
2025-02-27 16:19:10.152941,233.46,319784
2025-02-27 16:19:40.230701,233.6,319784
2025-02-27 16:20:10.307654,233.6,319784
2025-02-27 16:20:40.469867,240.57,319784
2025-02-27 16:21:10.547091,240.58,319784
2025-02-27 16:21:40.624549,240.58,319784
2025-02-27 16:22:10.703347,240.58,319784
2025-02-27 16:22:40.782519,247.16,319784
2025-02-27 16:23:10.910104,247.16,319784
2025-02-27 16:23:40.987852,247.16,319784
2025-02-27 16:24:11.065953,247.17,319784
2025-02-27 16:24:41.143541,253.91,319784
2025-02-27 16:25:11.222612,253.91,319784
2025-02-27 16:25:41.301797,253.91,319784
2025-02-27 16:26:11.471954,253.91,319784
2025-02-27 16:26:41.549264,261.45,319784
2025-02-27 16:27:11.627829,261.45,319784
2025-02-27 16:27:41.708117,261.57,319784
2025-02-27 16:28:11.785624,261.57,319784
2025-02-27 16:28:41.929189,268.67,319784
2025-02-27 16:29:12.008592,268.67,319784
2025-02-27 16:29:42.086358,268.67,319784
2025-02-27 16:30:12.163721,268.67,319784
2025-02-27 16:30:42.242319,274.86,319784
2025-02-27 16:31:12.321292,274.86,319784
2025-02-27 16:31:42.534967,274.86,319784
2025-02-27 16:32:12.614034,274.86,319784
2025-02-27 16:32:42.691450,282.32,319784
2025-02-27 16:33:12.768984,282.32,319784
2025-02-27 16:33:42.897720,282.32,319784
2025-02-27 16:34:12.975864,282.32,319784
2025-02-27 16:34:43.055323,289.35,319784
2025-02-27 16:35:13.134638,289.35,319784
2025-02-27 16:35:43.211995,289.35,319784
2025-02-27 16:36:13.288665,289.35,319784
2025-02-27 16:36:43.463100,295.97,319784
2025-02-27 16:37:13.541802,295.97,319784
2025-02-27 16:37:43.620935,295.97,319784
2025-02-27 16:38:13.698628,295.97,319784
2025-02-27 16:38:43.775734,303.61,319784
2025-02-27 16:39:13.932007,303.61,319784
2025-02-27 16:39:44.011761,303.61,319784
2025-02-27 16:40:14.091101,304.02,319784
2025-02-27 16:40:44.168231,310.18,319784
2025-02-27 16:41:14.245672,310.18,319784
2025-02-27 16:41:44.353678,310.18,319784
2025-02-27 16:42:14.430867,310.18,319784
2025-02-27 16:42:44.510058,317.68,319784
2025-02-27 16:43:14.588845,317.68,319784
2025-02-27 16:43:44.665203,317.68,319784
2025-02-27 16:44:14.741487,317.68,319784
2025-02-27 16:44:44.850047,324.17,319784
2025-02-27 16:45:14.926459,324.17,319784
2025-02-27 16:45:45.004661,324.17,319784
2025-02-27 16:46:15.082549,326.62,319784
2025-02-27 16:46:45.160997,331.52,319784
2025-02-27 16:47:15.237802,331.54,319784
2025-02-27 16:47:45.349402,331.54,319784
2025-02-27 16:48:15.426258,331.54,319784
2025-02-27 16:48:45.502919,338.48,319784
2025-02-27 16:49:15.581628,338.55,319784
2025-02-27 16:49:45.660782,338.55,319784
2025-02-27 16:50:15.739659,338.55,319784
2025-02-27 16:50:45.867008,345.07,319784
2025-02-27 16:51:15.943860,345.2,319784
2025-02-27 16:51:46.021223,345.2,319784
2025-02-27 16:52:16.098077,345.2,319784
2025-02-27 16:52:46.174939,352.32,319784
2025-02-27 16:53:16.253993,352.32,319784
2025-02-27 16:53:46.418460,352.32,319784
2025-02-27 16:54:16.495390,352.32,319784
2025-02-27 16:54:46.574151,359.39,319784
2025-02-27 16:55:16.653283,359.41,319784
2025-02-27 16:55:46.731651,359.41,319784
2025-02-27 16:56:16.860185,359.85,319784
2025-02-27 16:56:46.937519,366.49,319784
2025-02-27 16:57:17.014703,366.52,319784
2025-02-27 16:57:47.091590,366.52,319784
2025-02-27 16:58:17.168830,366.52,319784
2025-02-27 16:58:47.246804,373.42,319784
2025-02-27 16:59:17.411417,373.42,319784
2025-02-27 16:59:47.487987,373.45,319784
2025-02-27 17:00:17.564502,373.79,319784
2025-02-27 17:00:47.641089,380.41,319784
2025-02-27 17:01:17.718143,380.55,319784
2025-02-27 17:01:47.839499,380.55,319784
2025-02-27 17:02:17.919253,380.55,319784
2025-02-27 17:02:47.998451,387.3,319784
2025-02-27 17:03:18.077058,387.3,319784
2025-02-27 17:03:48.153745,387.3,319784
2025-02-27 17:04:18.230741,387.3,319784
2025-02-27 17:04:48.381024,394.56,319784
2025-02-27 17:05:18.459155,394.56,319784
2025-02-27 17:05:48.537882,394.56,319784
2025-02-27 17:06:18.617255,394.57,319784
2025-02-27 17:06:48.693968,401.12,319784
2025-02-27 17:07:18.784080,401.12,319784
2025-02-27 17:07:48.860792,401.12,319784
2025-02-27 17:08:18.937194,401.54,319784
2025-02-27 17:08:49.013408,406.64,319784
2025-02-27 17:09:19.090588,406.64,319784
2025-02-27 17:09:49.168510,51.88,319784
2025-02-27 17:10:19.246884,49.09,319784
2025-02-27 17:10:49.437167,48.31,319784
2025-02-27 17:11:19.512800,32.53,319784
2025-02-27 17:11:49.588047,32.65,319784
2025-02-27 17:12:19.664420,32.36,319784
2025-02-27 17:12:49.741001,33.51,319784
2025-02-27 17:13:19.935725,37.29,319784
2025-02-27 17:13:50.014063,39.99,319784
2025-02-27 17:14:20.092317,42.64,319784
2025-02-27 17:14:50.168616,45.52,319784
2025-02-27 17:15:20.245347,49.01,319784
2025-02-27 17:15:50.454693,50.82,319784
2025-02-27 17:16:20.532138,55.27,319784
2025-02-27 17:16:50.609789,58.27,319784
2025-02-27 17:17:20.686987,60.8,319784
2025-02-27 17:17:50.798584,64.32,319784
2025-02-27 17:18:20.878202,32.28,319784
2025-02-27 17:18:50.956746,34.75,319784
2025-02-27 17:19:21.033285,37.83,319784
2025-02-27 17:19:51.109951,40.33,319784
2025-02-27 17:20:21.188854,43.89,319784
2025-02-27 17:20:51.309206,46.89,319784
2025-02-27 17:21:21.388450,49.27,319784
2025-02-27 17:21:51.466967,52.67,319784
2025-02-27 17:22:21.543548,55.99,319784
2025-02-27 17:22:51.621513,58.87,319784
2025-02-27 17:23:21.697563,61.95,319784
2025-02-27 17:23:51.842420,32.04,319784
2025-02-27 17:24:21.920818,32.54,319784
2025-02-27 17:24:51.998083,35.33,319784
2025-02-27 17:25:22.074673,38.04,319784
2025-02-27 17:25:52.151226,41.38,319784
2025-02-27 17:26:22.227423,45.0,319784
2025-02-27 17:26:52.436618,48.08,319784
2025-02-27 17:27:22.513268,49.76,319784
2025-02-27 17:27:52.589233,54.09,319784
2025-02-27 17:28:22.665048,57.32,319784
2025-02-27 17:28:52.770887,60.36,319784
2025-02-27 17:29:22.847696,63.73,319784
2025-02-27 17:29:52.924651,31.76,319784
2025-02-27 17:30:23.000048,33.45,319784
2025-02-27 17:30:53.077704,36.61,319784
2025-02-27 17:31:23.155947,39.53,319784
2025-02-27 17:31:53.246081,42.41,319784
2025-02-27 17:32:23.322108,44.96,319784
2025-02-27 17:32:53.398492,47.57,319784
2025-02-27 17:33:23.474404,50.25,319784
2025-02-27 17:33:53.550332,53.04,319784
2025-02-27 17:34:23.628843,56.41,319784
2025-02-27 17:34:53.706006,58.48,319784
2025-02-27 17:35:23.898563,62.36,319784
2025-02-27 17:35:53.977275,65.36,319784
2025-02-27 17:36:24.054655,69.31,319784
2025-02-27 17:36:54.133528,73.08,319784
2025-02-27 17:37:24.211730,73.27,319784
2025-02-27 17:37:54.420569,77.9,319784
2025-02-27 17:38:24.497690,82.82,319784
2025-02-27 17:38:54.573917,82.97,319784
2025-02-27 17:39:24.649968,88.7,319784
2025-02-27 17:39:54.750415,88.7,319784
2025-02-27 17:40:24.826488,94.64,319784
2025-02-27 17:40:54.902623,94.64,319784
2025-02-27 17:41:24.979927,101.47,319784
2025-02-27 17:41:55.059195,101.5,319784
2025-02-27 17:42:25.134951,106.71,319784
2025-02-27 17:42:55.215971,112.79,319784
2025-02-27 17:43:25.291742,116.56,319784
2025-02-27 17:43:55.367594,119.97,319784
2025-02-27 17:44:25.445366,120.18,319784
2025-02-27 17:44:55.522862,121.3,319784
2025-02-27 17:45:25.601124,128.94,319784
2025-02-27 17:45:55.679393,128.94,319784
2025-02-27 17:46:25.853220,129.88,319784
2025-02-27 17:46:55.928980,137.87,319784
2025-02-27 17:47:26.006257,137.93,319784
2025-02-27 17:47:56.084332,137.95,319784
2025-02-27 17:48:26.162264,148.53,319784
2025-02-27 17:48:56.309756,152.36,319784
2025-02-27 17:49:26.386202,152.36,319784
2025-02-27 17:49:56.462349,153.76,319784
2025-02-27 17:50:26.538326,163.26,319784
2025-02-27 17:50:56.616580,163.26,319784
2025-02-27 17:51:26.692721,163.38,319784
2025-02-27 17:51:56.905865,165.8,319784
2025-02-27 17:52:26.984243,175.46,319784
2025-02-27 17:52:57.062496,175.58,319784
2025-02-27 17:53:27.138269,175.58,319784
2025-02-27 17:53:57.256056,175.58,319784
2025-02-27 17:54:27.334544,181.92,319784
2025-02-27 17:54:57.412068,182.04,319784
2025-02-27 17:55:27.490156,182.04,319784
2025-02-27 17:55:57.566084,182.04,319784
2025-02-27 17:56:27.641897,188.96,319784
2025-02-27 17:56:57.773745,188.98,319784
2025-02-27 17:57:27.849912,188.98,319784
2025-02-27 17:57:57.926853,189.16,319784
2025-02-27 17:58:28.004651,195.5,319784
2025-02-27 17:58:58.082492,195.5,319784
2025-02-27 17:59:28.158386,195.73,319784
2025-02-27 17:59:58.327581,196.18,319784
2025-02-27 18:00:28.404887,202.72,319784
2025-02-27 18:00:58.482170,202.72,319784
2025-02-27 18:01:28.557956,202.72,319784
2025-02-27 18:01:58.633850,202.72,319784
2025-02-27 18:02:28.766243,210.24,319784
2025-02-27 18:02:58.844580,210.24,319784
2025-02-27 18:03:28.922759,210.24,319784
2025-02-27 18:03:59.001061,210.24,319784
2025-02-27 18:04:29.076678,216.36,319784
2025-02-27 18:04:59.152410,216.36,319784
2025-02-27 18:05:29.328266,216.36,319784
2025-02-27 18:05:59.406264,216.36,319784
2025-02-27 18:06:29.482062,224.09,319784
2025-02-27 18:06:59.560136,224.27,319784
2025-02-27 18:07:29.635589,224.27,319784
2025-02-27 18:07:59.785205,224.73,319784
2025-02-27 18:08:29.862864,230.29,319784
2025-02-27 18:08:59.940769,230.29,319784
2025-02-27 18:09:30.019097,230.29,319784
2025-02-27 18:10:00.094858,230.5,319784
2025-02-27 18:10:30.176016,238.02,319784
2025-02-27 18:11:00.252006,238.03,319784
2025-02-27 18:11:30.328134,238.03,319784
2025-02-27 18:12:00.405197,238.03,319784
2025-02-27 18:12:30.482845,244.96,319784
2025-02-27 18:13:00.560337,244.96,319784
2025-02-27 18:13:30.638986,244.96,319784
2025-02-27 18:14:00.811022,244.96,319784
2025-02-27 18:14:30.888418,251.99,319784
2025-02-27 18:15:00.966036,251.99,319784
2025-02-27 18:15:31.044481,251.99,319784
2025-02-27 18:16:01.120407,252.27,319784
2025-02-27 18:16:31.266869,259.38,319784
2025-02-27 18:17:01.342598,259.38,319784
2025-02-27 18:17:31.417857,259.38,319784
2025-02-27 18:18:01.498206,259.38,319784
2025-02-27 18:18:31.574114,265.62,319784
2025-02-27 18:19:01.649842,265.62,319784
2025-02-27 18:19:31.856754,265.62,319784
2025-02-27 18:20:01.933589,266.2,319784
2025-02-27 18:20:32.009244,273.11,319784
2025-02-27 18:21:02.085139,273.11,319784
2025-02-27 18:21:32.178812,273.11,319784
2025-02-27 18:22:02.254723,273.21,319784
2025-02-27 18:22:32.330514,279.48,319784
2025-02-27 18:23:02.408004,279.48,319784
2025-02-27 18:23:32.485489,279.48,319784
2025-02-27 18:24:02.562839,280.71,319784
2025-02-27 18:24:32.638480,287.1,319784
2025-02-27 18:25:02.841028,287.1,319784
2025-02-27 18:25:32.917708,287.1,319784
2025-02-27 18:26:02.993744,288.08,319784
2025-02-27 18:26:33.069498,294.22,319784
2025-02-27 18:27:03.149775,294.22,319784
2025-02-27 18:27:33.225224,294.22,319784
2025-02-27 18:28:03.300657,294.82,319784
2025-02-27 18:28:33.376842,301.42,319784
2025-02-27 18:29:03.453781,301.42,319784
2025-02-27 18:29:33.531338,301.42,319784
2025-02-27 18:30:03.608951,301.93,319784
2025-02-27 18:30:33.770320,307.56,319784
2025-02-27 18:31:03.845463,307.56,319784
2025-02-27 18:31:33.923611,307.56,319784
2025-02-27 18:32:03.999168,309.3,319784
2025-02-27 18:32:34.074496,315.52,319784
2025-02-27 18:33:04.178685,315.52,319784
2025-02-27 18:33:34.254308,315.52,319784
2025-02-27 18:34:04.330025,316.6,319784
2025-02-27 18:34:34.406356,322.23,319784
2025-02-27 18:35:04.483847,322.23,319784
2025-02-27 18:35:34.559535,322.23,319784
2025-02-27 18:36:04.644807,323.64,319784
2025-02-27 18:36:34.720725,328.73,319784
2025-02-27 18:37:04.798227,328.73,319784
2025-02-27 18:37:34.876315,328.73,319784
2025-02-27 18:38:04.952451,330.78,319784
2025-02-27 18:38:35.029231,335.74,319784
2025-02-27 18:39:05.107058,335.74,319784
2025-02-27 18:39:35.289965,335.74,319784
2025-02-27 18:40:05.367266,338.0,319784
2025-02-27 18:40:35.442813,342.68,319784
2025-02-27 18:41:05.518574,342.68,319784
2025-02-27 18:41:35.594329,342.68,319784
2025-02-27 18:42:05.759570,344.71,319784
2025-02-27 18:42:35.834941,349.77,319784
2025-02-27 18:43:05.910692,349.77,319784
2025-02-27 18:43:35.986567,349.77,319784
2025-02-27 18:44:06.061820,352.36,319784
2025-02-27 18:44:36.173871,358.66,319784
2025-02-27 18:45:06.248561,358.71,319784
2025-02-27 18:45:36.324081,358.71,319784
2025-02-27 18:46:06.400153,358.84,319784
2025-02-27 18:46:36.476911,363.08,319784
2025-02-27 18:47:06.552890,363.08,319784
2025-02-27 18:47:36.656336,363.08,319784
2025-02-27 18:48:06.733444,365.26,319784
2025-02-27 18:48:36.810556,369.53,319784
2025-02-27 18:49:06.887306,369.62,319784
2025-02-27 18:49:36.963531,369.62,319784
2025-02-27 18:50:07.038488,373.28,319784
2025-02-27 18:50:37.122818,377.19,319784
2025-02-27 18:51:07.198199,377.23,319784
2025-02-27 18:51:37.273791,377.23,319784
2025-02-27 18:52:07.349060,379.71,319784
2025-02-27 18:52:37.424617,384.01,319784
2025-02-27 18:53:07.500256,384.02,319784
2025-02-27 18:53:37.575594,384.02,319784
2025-02-27 18:54:07.738402,387.21,319784
2025-02-27 18:54:37.813389,391.17,319784
2025-02-27 18:55:07.888775,391.17,319784
2025-02-27 18:55:37.967488,391.17,319784
2025-02-27 18:56:08.043871,394.96,319784
2025-02-27 18:56:38.159758,398.63,319784
2025-02-27 18:57:08.235473,398.68,319784
2025-02-27 18:57:38.310556,398.68,319784
2025-02-27 18:58:08.385534,401.96,319784
2025-02-27 18:58:38.460872,405.12,319784
2025-02-27 18:59:08.536001,405.12,319784
2025-02-27 18:59:38.639351,645.93,319784
2025-02-27 19:00:08.716540,47.66,319784
2025-02-27 19:00:38.791718,34.09,319784
2025-02-27 19:01:08.868275,36.55,319784
2025-02-27 19:01:38.945012,39.67,319784
2025-02-27 19:02:09.021789,42.27,319784
2025-02-27 19:02:39.114516,45.31,319784
2025-02-27 19:03:09.189730,47.69,319784
